[
    {
  "patientId": "PAT-1002",
  "doctorId": "DOC-5002",
  "patient": {
    "id": "PAT-1002",
    "name": "Priya Das",
    "age": 28,
    "gender": "Female",
    "phone": "+91-9988776655",
    "email": "priya.das@example.com",
    "address": {
      "street": "22 Lake View Road",
      "city": "Kolkata",
      "state": "West Bengal",
      "pincode": "700029"
    },
    "medicalHistory": [
      "Asthma"
    ]
  },
  "doctor": {
    "id": "DOC-5002",
    "name": "Dr. Ramesh Mukherjee",
    "specialization": "Pulmonologist",
    "experienceYears": 9,
    "phone": "+91-9871234567",
    "email": "ramesh.m@hospital.com",
    "hospital": {
      "name": "Apollo Clinic",
      "department": "Pulmonology",
      "address": {
        "street": "90 Park Street",
        "city": "Kolkata",
        "state": "West Bengal",
        "pincode": "700016"
      }
    }
  }
}
,
{
  "patientId": "PAT-1003",
  "doctorId": "DOC-5003",
  "patient": {
    "id": "PAT-1003",
    "name": "Amit Kumar",
    "age": 45,
    "gender": "Male",
    "phone": "+91-9012345678",
    "email": "amit.kumar@example.com",
    "address": {
      "street": "18 Sector 15",
      "city": "Noida",
      "state": "Uttar Pradesh",
      "pincode": "201301"
    },
    "medicalHistory": [
      "Arthritis",
      "High Cholesterol"
    ]
  },
  "doctor": {
    "id": "DOC-5003",
    "name": "Dr. Neha Singh",
    "specialization": "Orthopedic Surgeon",
    "experienceYears": 15,
    "phone": "+91-9898989898",
    "email": "neha.singh@hospital.com",
    "hospital": {
      "name": "Fortis Hospital",
      "department": "Orthopedics",
      "address": {
        "street": "A-12 Sector 62",
        "city": "Noida",
        "state": "Uttar Pradesh",
        "pincode": "201309"
      }
    }
  }
}

]